"term","coefficient","odds_ratio"
"(Intercept)",-0.747377531613866,0.473606944825877
"txn_count_3m",0.0503686901307995,1.05165876111374
"avg_balance_3m",-3.36271462549908e-05,0.999966373419131
"cash_withdrawals_3m",6.07214735316061e-06,1.00000607216579
"active_months_3m",-0.220683185783597,0.801970715770939
"min_balance_3m",-5.92100732761728e-05,0.999940791679606
